{"PIPE":{"name":"NEWSJSON","domain":["economist.com","www.economist.com","theguardian.com","www.theguardian.com","thebaffler.com","www.thebaffler.com","feedburner.com","feeds.feedburner.com","newyorker.com","www.newyorker.com","bbci.co.uk","feeds.bbci.co.uk","aljazeera.com","america.aljazeera.com","nytimes.com","rss.nytimes.com"],"published":null,"format":["media-image","media"],"description":null,"status":"A","runs":null,"guid":"U6NQLJFDD3DHBIHDXRQDM4SQS4","engineversion":2,"id":"40805955111ac2e85631facfb362f067","modifiedtime":"2014-08-13 08:22:15","createtime":"2014-08-09 12:28:24","favorited":null,"abuse":null,"module":["truncate","tail","sort","fetch"],"working":"{\"layout\":[{\"id\":\"sw-52\",\"xy\":[177,85]},{\"id\":\"_OUTPUT\",\"xy\":[631,581]},{\"id\":\"sw-71\",\"xy\":[496,304]},{\"id\":\"sw-94\",\"xy\":[611,422]}],\"modules\":[{\"type\":\"fetch\",\"id\":\"sw-52\",\"conf\":{\"URL\":[{\"value\":\"http:\/\/rss.nytimes.com\/services\/xml\/rss\/nyt\/InternationalHome.xml\",\"type\":\"url\"},{\"value\":\"http:\/\/feeds.bbci.co.uk\/news\/rss.xml\",\"type\":\"url\"},{\"value\":\"http:\/\/america.aljazeera.com\/content\/ajam\/articles.rss\",\"type\":\"url\"},{\"value\":\"http:\/\/www.theguardian.com\/world\/rss\",\"type\":\"url\"}]}},{\"type\":\"output\",\"id\":\"_OUTPUT\",\"conf\":{}},{\"type\":\"sort\",\"id\":\"sw-71\",\"conf\":{\"KEY\":[{\"field\":{\"value\":\"pubDate\",\"type\":\"text\"},\"dir\":{\"type\":\"text\",\"value\":\"DESC\"}}]}},{\"type\":\"truncate\",\"id\":\"sw-94\",\"conf\":{\"count\":{\"value\":\"45\",\"type\":\"number\"}}}],\"terminaldata\":[],\"wires\":[{\"id\":\"_w0\",\"src\":{\"id\":\"_OUTPUT\",\"moduleid\":\"sw-52\"},\"tgt\":{\"id\":\"_INPUT\",\"moduleid\":\"sw-71\"}},{\"id\":\"_w6\",\"src\":{\"id\":\"_OUTPUT\",\"moduleid\":\"sw-71\"},\"tgt\":{\"id\":\"_INPUT\",\"moduleid\":\"sw-94\"}},{\"id\":\"_w4\",\"src\":{\"id\":\"_OUTPUT\",\"moduleid\":\"sw-94\"},\"tgt\":{\"id\":\"_INPUT\",\"moduleid\":\"_OUTPUT\"}}]}","clones":null,"pubtime":"1970-01-01 12:00:00","modified":1,"modifiedtime_ts":1407961335,"is_favorite":0,"is_owner":0,"tags":{"format":["media-image","media"],"domain":["economist.com","www.economist.com","theguardian.com","www.theguardian.com","thebaffler.com","www.thebaffler.com","feedburner.com","feeds.feedburner.com","newyorker.com","www.newyorker.com","bbci.co.uk","feeds.bbci.co.uk","aljazeera.com","america.aljazeera.com","nytimes.com","rss.nytimes.com"],"module":["truncate","tail","sort","fetch"]},"ui":[],"creatorname":"a contributor","creatorimage_medium":"http:\/\/l.yimg.com\/a\/i\/identity\/nopic_48.gif","creatorimage_small":"http:\/\/l.yimg.com\/a\/i\/identity\/nopic_16.gif"},"PIPE_ID":"40805955111ac2e85631facfb362f067","ACTIONS":{"View Results":"\/pipes\/pipe.info?_id=40805955111ac2e85631facfb362f067","View Source":"\/pipes\/pipe.edit?_id=40805955111ac2e85631facfb362f067","Clone":"\/pipes\/pipe.clone?_crumb=0&_id=40805955111ac2e85631facfb362f067"}}